{"The Drive Home With Jillian Barberie & John Phillips": [34.0536909, -118.2427666], "The Peter Tilden Show": [34.0536909, -118.2427666], "Sam Nation": [34.0536909, -118.2427666], "Ben Shapiro": [34.0536909, -118.2427666], "McIntyre In the Morning": [34.0536909, -118.2427666], "Dr Drew Midday Live with Mike Catherwood": [34.0536909, -118.2427666], "Norman Goldman": [35.0841034, -106.6509851], "The Thom Hartmann Program": [35.0841034, -106.6509851], "The Mike Malloy Show": [35.0841034, -106.6509851], "Leslie Marshall": [35.0841034, -106.6509851], "Crosscurrents from KALW News": [45.4149778, -72.749396], "The Daily": [49.0139234, -57.5986531], "Q": [32.665135, -114.476031572498], "Inforum from The Commonwealth Club": [45.4149778, -72.749396], "As It Happens (CBC)": [45.4149778, -72.749396], "In Deep with Angie Coiro": [45.4149778, -72.749396], "Radiolab (NPR)": [45.4149778, -72.749396], "BBC World Service": [35.199458, -111.6514259], "This Way Out": [45.4149778, -72.749396], "Morning Edition (NPR)": [35.199458, -111.6514259], "Fresh Air (NPR)": [35.199458, -111.6514259], "Your Call": [45.4149778, -72.749396], "1A Plus": [35.199458, -111.6514259], "This American Life": [45.4149778, -72.749396], "Snap Judgment": [45.4149778, -72.749396], "All Things Considered (NPR)": [35.199458, -111.6514259], "PRI's The World": [35.199458, -111.6514259], "National Native News": [32.665135, -114.476031572498], "Big Picture Science": [32.665135, -114.476031572498], "Music of the Masters": [32.665135, -114.476031572498], "Here and Now (PRI)": [35.199458, -111.6514259], "Think with Krys Boyd": [32.665135, -114.476031572498], "Mark Levin Show": [32.2218917, -110.9262353], "The Joe Harting Show": [35.0969581, -111.6926602], "Coast to Coast AM with George Noory": [42.5704219, -114.4603171], "The Glenn Beck Program": [29.7589382, -95.3676974], "The Rush Limbaugh Show": [32.7174209, -117.1627714], "The Sean Hannity Show": [32.7174209, -117.1627714], "Ground Zero with Clyde Lewis": [32.7174209, -117.1627714], "Billings Morning News": [45.7874957, -108.49607], "The Joe Pags Show": [10.961033, -74.8405253096496], "The Buck Sexton Show": [29.7589382, -95.3676974], "Dan Caplis Show": [10.961033, -74.8405253096496], "Paul Zeise": [40.4416941, -79.9900861], "The Jim Bohannon Show": [46.8101709, -100.8363564], "Red Eye Radio": [46.8101709, -100.8363564], "After Hours with Amy Lawrence": [40.4416941, -79.9900861], "The Fan Morning Show": [40.4416941, -79.9900861], "Cook and Poni": [40.4416941, -79.9900861], "Starkey and Mueller": [40.4416941, -79.9900861], "The Dave Ramsey Show": [46.8101709, -100.8363564], "Performance Today": [45.7874957, -108.49607], "Chamber Music Society": [45.7874957, -108.49607], "Chris Baker Show": [41.2587459, -95.9383758], "John and Ken": [34.0536909, -118.2427666], "Tim Conway Jr": [34.0536909, -118.2427666], "Bill Handel": [34.0536909, -118.2427666], "Gary and Shannon": [34.0536909, -118.2427666], "Brett Winterble Show": [32.7174209, -117.1627714], "America's Morning News (Washington Times)": [46.8101709, -100.8363564], "Armstrong & Getty": [32.7174209, -117.1627714], "Mike Slater Show": [32.7174209, -117.1627714], "Laura Ingraham Show": [33.8333716, -111.9507042], "The Conservative Circus w James T. Harris": [33.4485866, -112.0773456], "The Mike Broomhead Show": [33.4485866, -112.0773456], "Marketplace": [35.199458, -111.6514259], "Classic Jazz with Blaise Lantana ": [33.4485866, -112.0773456], "Classic Jazz with Bryan Houston": [33.4485866, -112.0773456], "Democracy Now!": [35.189443, -114.0530065], "The Bridge": [32.665135, -114.476031572498], "UnderCurrents": [32.665135, -114.476031572498], "Crossing Borders": [32.665135, -114.476031572498], "The Show": [33.4485866, -112.0773456], "The Seth Leibsohn Show": [33.4485866, -112.0773456], "The Mike Gallagher Show": [29.7589382, -95.3676974], "Dennis Prager Show": [29.7589382, -95.3676974], "Michael Medved Show": [29.7589382, -95.3676974], "Reveal": [10.961033, -74.8405253096496], "AM Idaho": [42.5704219, -114.4603171], "Top Story": [42.5704219, -114.4603171], "Michael Berry": [30.0860459, -94.1018461], "Red River Farm Network": [46.8101709, -100.8363564], "News and Veiws, Joel Heitkamp KFGO Fargo, North Dakota": [46.8101709, -100.8363564], "The Marilu Henner Show": [46.8101709, -100.8363564], "Garret Lewis": [32.2218917, -110.9262353], "Larry Elder Show": [29.7589382, -95.3676974], "Jay Sekulow Live!": [29.7589382, -95.3676974], "One Life Radio": [29.7589382, -95.3676974], "Eric Metaxas Show": [29.7589382, -95.3676974], "WoodSongs Old-time Radio Hour": [32.665135, -114.476031572498], "Global Village": [32.665135, -114.476031572498], "Jazz with Neil Tesser": [32.665135, -114.476031572498], "Jazz with Dave Schwan": [32.665135, -114.476031572498], "The DeMaio Report": [32.7174209, -117.1627714], "KOGO's Evening News": [32.7174209, -117.1627714], "KOGO at Night with Chris Merrill": [32.7174209, -117.1627714], "The Frame": [49.0139234, -57.5986531], "TED Radio Hour": [49.0139234, -57.5986531], "Take Two": [49.0139234, -57.5986531], "Airtalk": [49.0139234, -57.5986531], "Marketplace Tech": [49.0139234, -57.5986531], "Charles Adams": [29.7589382, -95.3676974], "STA Money Hour": [29.7589382, -95.3676974], "The Lifestyles Unlimited Real Estate Investor Radio Show": [29.7589382, -95.3676974], "The Pursuit of Happiness": [29.7589382, -95.3676974], "Jimmy Barrett": [29.7589382, -95.3676974], "The Jesse Kelly Show": [29.7589382, -95.3676974]}